[{
  "_id": {
    "$oid": "5fb840e81df983c158869334"
  },
  "quantity": 5,
  "product": {
    "$oid": "5f15da13e520d44421ed8e9e"
  },
  "__v": 0
},{
  "_id": {
    "$oid": "5fb8415f1df983c158869336"
  },
  "quantity": 5,
  "product": {
    "$oid": "5f15da13e520d44421ed8e9e"
  },
  "__v": 0
},{
  "_id": {
    "$oid": "5fb84195330b38c1efccf2db"
  },
  "quantity": 5,
  "product": {
    "$oid": "5f15da13e520d44421ed8e9e"
  },
  "__v": 0
},{
  "_id": {
    "$oid": "5fb8420d330b38c1efccf2dd"
  },
  "quantity": 5,
  "product": {
    "$oid": "5f15da13e520d44421ed8e9e"
  },
  "__v": 0
},{
  "_id": {
    "$oid": "6072d3df3abd910cb7358aa6"
  },
  "quantity": 3,
  "product": {
    "$oid": "5feb21d36bf6622c9ed0d8b4"
  },
  "__v": 0
},{
  "_id": {
    "$oid": "6072d3df3abd910cb7358aa7"
  },
  "quantity": 1,
  "product": {
    "$oid": "5fc64daaf2915285fc565034"
  },
  "__v": 0
},{
  "_id": {
    "$oid": "6072d4e83abd910cb7358aab"
  },
  "quantity": 3,
  "product": {
    "$oid": "5f15d8852a025143f9593a7c"
  },
  "__v": 0
},{
  "_id": {
    "$oid": "6072d4e83abd910cb7358aac"
  },
  "quantity": 1,
  "product": {
    "$oid": "5f15d9b3e520d44421ed8e9d"
  },
  "__v": 0
},{
  "_id": {
    "$oid": "609d7ee93373711346c5e951"
  },
  "quantity": 7,
  "product": {
    "$oid": "5f68fd316170530b7e0afc54"
  },
  "__v": 0
},{
  "_id": {
    "$oid": "609d7ee93373711346c5e952"
  },
  "quantity": 4,
  "product": {
    "$oid": "5f15da13e520d44421ed8e9e"
  },
  "__v": 0
},{
  "_id": {
    "$oid": "609d874c3373711346c5e955"
  },
  "quantity": 4,
  "product": {
    "$oid": "5f15da13e520d44421ed8e9e"
  },
  "__v": 0
},{
  "_id": {
    "$oid": "609d874c3373711346c5e954"
  },
  "quantity": 7,
  "product": {
    "$oid": "5f68fd316170530b7e0afc54"
  },
  "__v": 0
},{
  "_id": {
    "$oid": "609d898d3373711346c5e957"
  },
  "quantity": 7,
  "product": {
    "$oid": "5f68fd316170530b7e0afc54"
  },
  "__v": 0
},{
  "_id": {
    "$oid": "609d898d3373711346c5e958"
  },
  "quantity": 4,
  "product": {
    "$oid": "5f15da13e520d44421ed8e9e"
  },
  "__v": 0
},{
  "_id": {
    "$oid": "609d8a0c3373711346c5e95b"
  },
  "quantity": 1,
  "product": {
    "$oid": "5f15da135420d44456ed8e9e"
  },
  "__v": 0
},{
  "_id": {
    "$oid": "609d8a0c3373711346c5e95a"
  },
  "quantity": 1,
  "product": {
    "$oid": "5f15da135420d44443ed8e9e"
  },
  "__v": 0
}]